College Name,Weighted Score
"University College of Engineering Panruti, Anna University - [UCEP]",99.3805
John Bosco Engineering College - [JBEC],99.0165
Sphoorthy Engineering College - [SPHN],98.87299999999999
KS Rangasamy College of Technology,98.859
Adichunchanagiri Institute of Technology- [AIT],98.726
Delhi University - [DU],98.7255
Geethanjali College of Engineering and Technology - [GCET] Keesara,98.71199999999999
Government Engineering College - [GECI],98.698
Guru Nanak College of Engineering & Management - [GNCEM],98.69449999999999
C Abdul Hakeem College of Engineering and Technology - [CAHCET],98.64749999999998
Jaipur National University - [JNU],98.642
Anand International College of Engineering,98.44549999999998
Nalla Malla Reddy Engineering College - [NMREC],98.28649999999999
Malla Reddy Engineering College for Women - [MRECW],98.2255
Aryabhatta Knowledge University - [AKU],98.17599999999999
Hyderabad Institute of Technology and Management - [HITAM],98.1305
Shri Vishnu Engineering College for Women - [SVECW],98.0835
Saveetha School of Engineering - [SSE],97.95899999999999
Ramkrishna Mahato Government Engineering College,97.92749999999998
Don Bosco Institute of Technology - [DBIT],97.86649999999999
Kumaraguru College of Technology - [KCT],97.79149999999998
Madha Engineering College,97.70375
Maharshi Dayanand University - [MDU],97.66349999999998
Charotar University of Science and Technology - [CHARUSAT],97.65474999999999
SNJB's College of Engineering Chandwad,97.64399999999999
P.S.G College of Technology - [PSGCT],97.636
Nowgong Engineering College,97.58125
St Joseph Engineering College - [SJEC],97.48149999999998
Dhaanish Ahmed College of Engineering - [DACE],97.45949999999999
KPR Institute of Engineering & Technology - [KPRIET],97.37974999999999
YMCA,97.35349999999998
Ahmedabad University,97.33624999999998
Aravali College of Engineering and Management - [ACEM],97.33049999999999
Vivekanandha College of Technology for Women - [VCTW],97.30124999999998
Rajiv Gandhi University of Knowledge Technologies Basar- [RGUKT],97.27349999999998
Tolani Maritime Institute - [TMI],97.2155
International Institute of Information Technology - [IIIT] Naya Raipur,97.19649999999999
Mukesh Patel School of Technology Management and Engineering - [MPSTME],97.1595
JIMS Engineering Management Technical Campus- [JEMTEC],97.1113
Buddha Institute of Technology- [BIT],97.10874999999999
Rajiv Gandhi College of Engineering - [RGCE],97.1
Anand Engineering College - [AEC],96.8985
Baba Farid College of Engineering and Technology - [BFCET],96.858
MVPS's  Karmaveer Adv. Baburao Ganpatrao Thakare College of Engineering,96.692
Darbhanga College of Engineering - [DCE],96.67850000000001
Siddhartha Institute of Science & Technology - [SISTK],96.66749999999999
Christ University,96.6445
CMR Institute of Technology - [CMRIT],96.61299999999999
St. Aloysius Institute of Technology - [SAIT],96.56099999999998
Teerthanker Mahaveer University - [TMU],96.5345
Cummins College Of Engineering For Women,96.5
Keshav Memorial Institute of Technology - [KMIT],96.45049999999999
IIT Roorkee - Indian Institute of Technology - [IITR],96.27149999999999
Pune Vidyarthi Griha's College of Engineering & S.S. Dhamankar Institute of Management,96.265
Baba Banda Singh Bahadur Engineering College - [BBSBEC],96.198
PBR Visvodaya Institute of Technology and Science [PBR VITS],96.1935
Sri Ramanujar Engineering College - [SREC],96.17925
Jyothishmathi Institute of Technology and Science - [JITS],96.0695
Maharaja Institute of Technology Thandavapura - [MITT],95.96449999999999
Vel Tech High Tech Dr.Rangarajan Dr.Sakunthala Engineering College,95.93399999999998
Aligarh Muslim University - [AMU],95.9205
Regent Education and Research Foundation - [RERF],95.88149999999997
Dhole Patil College of Engineering - [DPCOE],95.85499999999999
SG Balekundri Institute of Technology - [SGBIT],95.81349999999999
Sagar Institute of Research and Technology - [SIRT],95.80937499999999
"Gayatri Vidya Parishad College for Degree and PG Courses, School of Engineering",95.80625
IIT Jodhpur - Indian Institute of Technology - [IITJ],95.79325
Banasthali Vidyapith,95.7695
KCC Institute of Technology and Management - [KCCITM],95.7695
Narsimha Reddy Engineering College - [NRCM],95.73374999999999
Lakshmi Narain College of Technology Excellence - [LNCTE],95.644
Mangalore Institute of Technology and Engineering - [MITE],95.63033333333333
Pandit Deendayal Energy University - [PDEU],95.63
CMR University - [CMRU],95.60900000000001
Meerut Institute of Technology - [MIT],95.6065
Federal Institute of Science and Technology - [FISAT],95.588
DY Patil College of Engineering and Technology - [DYPCET],95.5825
Narsee Monjee Institute of Management Studies -[NMIMS Deemed to be University],95.56224999999999
BVRIT Hyderabad College of Engineering for Women - [BVRITH],95.50649999999999
BP Poddar Institute of Management and Technology,95.5015
Starex University,95.463
Excel Engineering College,95.41149999999999
KIIT School of Biotechnology - [KSBT],95.40074999999999
Jain University - [JU],95.39574999999999
Bannari Amman Institute of Technology - [BIT],95.39529999999999
Laxmi Devi Institute of Engineering and Technology - [LIET],95.37275
IES University,95.33699999999999
Shiv Nadar University - [SNU],95.29416666666667
Gudlavalleru Engineering College - [GEC],95.28499999999998
Institute of Management Studies - [IMS],95.28149999999998
Arifa Institute of Technology - [AIT],95.24249999999999
Rustamji Institute of Technology - [RJIT],95.236
Bengal Institute of Technology - [BIT],95.1995
Saveetha Engineering College - [SEC],95.195
JD College of Engineering and Management,95.1415
SR Institute Of Management and Technology - [SRIMT],95.13624999999999
PSNA College of Engineering and Technology,95.12049999999999
REVA University,95.10499999999998
JSPM Narhe Technical Campus - [JSPM NTC] Narhe,95.05099999999999
Alliance School of Law,95.047
IIMT University - [IIMTU],95.04350000000001
Chandubhai S Patel Institute of Technology - [CSPIT],95.042
Global Academy of Technology - [GAT],95.03875
Indraprastha Institute of Technology and Management - [IITM],95.00516666666665
Vallurupalli Nageswara Rao Vignana Jyothi Institute of Engineering and Technology - [VNR VJIET],94.90937499999998
Bennett University,94.88499999999999
Sanjivani College of Engineering Kopargaon,94.84549999999999
Sri Jayaram Institute of Engineering and Technology - [SJIET],94.82274999999998
Bipin Tripathi  Kumaon Institute of Technology,94.8175
Vidyavardhaka College of Engineering - [VVCE],94.80825
Amrutvahini College of Engineering - [AVCOE],94.804
Poornima College of Engineering,94.73242857142857
Madras Institute of Technology- [MIT],94.71175
College of Engineering  - [COEP],94.7065
Amrita Vishwa Vidyapeetham Bengaluru Campus,94.69999999999999
KJ Institute of Engineering and Technology - [KJIT],94.69149999999999
Shri Rawatpura Sarkar Institute of Technology,94.65799999999999
CMR Technical Campus - [CMRTC],94.60066666666665
Sahyadri College of Engineering & Management (SCEM),94.59349999999999
NPR College of Engineering and Technology,94.583
IIT Kanpur - Indian Institute of Technology - [IITK],94.53059999999999
Indore Institute of Science and Technology - [IIST],94.45628571428571
Siddhartha Institute of Engineering and Technology - [SIET],94.43725
Saharsa College of Engineering - [SCE],94.424
Sant Longowal Institute of Engineering and Technology - [SLIET],94.41824999999999
"College of Engineering And Management, Kolaghat",94.41299999999998
Panimalar Engineering College,94.4005
Usha Mittal Institute of Technology - [UMIT],94.38693749999999
MLR Institute of Technology - [MLRIT],94.37700000000001
Kothiwal Institute of Technology and Professional Studies - [KITPS],94.359
RISE Krishna Sai Gandhi Group of Institutions,94.3415
Sharad Institute of Technology College of Engineering,94.3335
Muthayammal Engineering College - [MEC],94.31949999999998
SJB Institute of Technology - [SJBIT],94.31375
Siddaganga Institute of Technology - [SIT],94.3137
Chennai Institute of Technology - [CIT],94.31219999999999
Dr. Ambedkar Institute of Technology - [AIT],94.30739999999999
Government College of Engineering - [GCOEA],94.29199999999999
Muffakham Jah College of Engineering & Technology - [MJCET],94.23649999999999
Roorkee College of Engineering - [RCE],94.226
Dr. D. Y. Patil Institute of Technology - [DYPIT] Pimpri,94.19175
Sanskar Educational Group - [SEG],94.16895238095238
Kakatiya Institute of Technology & Science - [KITSW],94.15775
G D Goenka University - [GDGU],94.15674999999999
Dayananda Sagar University - [DSU],94.13
"Pandit Deendayal Petroleum University, School of Technology - [PDPU SOT]",94.06266666666666
D. Y. Patil College of Engineering,94.03583333333331
Prince Shri Venkateshwara Padmavathy Engineering College - [PSVPEC],94.0305
Matrusri Engineering College,94.01199999999999
"University of Kerala, University College Of Engineering Kariavattom",93.99799999999999
K. J. Somaiya College of Engineering - [KJSCE],93.98274999999998
ABES Engineering College,93.97883333333333
Sri Krishna College of Engineering and Technology - [SKCET],93.97325
A. P. Shah Institute of Technology - [APSIT],93.91975
Vidyavardhini's College of Engineering and Technology - [VCET],93.899
Mohan Babu University - [MBU],93.865
Velagapudi Ramakrishna Siddhartha Engineering College - [VRSEC],93.85075
Aditya Engineering College - [AEC],93.85
Technology Education and Research Integrated Institute - [TERII],93.82262499999999
Prestige Institute of Engineering Management and Research - [PIEMR],93.8005
Sreenivasa Institute of Technology & Management Studies - [SITAMS],93.79933333333332
Saintgits College of Engineering,93.77949999999998
Karpagam Academy of Higher Education - [KAHE],93.7725
RCC Institute of Information Technology - [RCCIIT],93.7375
Integral University,93.72250000000001
St. Thomas College of Engineering and Technology - [STCET],93.7075
Gandhi Institute for Technology - [GIFT],93.7025
College of Agricultural Biotechnology,93.69975
Vivekananda College of Engineering & Technology - [VCET],93.673
KDK College of Engineering,93.67249999999999
N.B. Navale Sinhgad College of Engineering,93.6715
College of Engineering - [COER],93.64874999999999
Government College of Engineering and Ceramic Technology - [GCECT],93.63799999999999
Dronacharya College of Engineering - [DCE],93.612
National Dairy Research Institute - [NDRI],93.55799999999999
Rajkiya Engineering College - [REC],93.55717197404165
Jawaharlal Nehru Engineering College - [JNEC],93.54249999999999
Rajkiya Engineering College [REC],93.542
Varuvan Vadivelan Institute of Technology - [VVIT],93.535
College of Engineering - [CEM] Munnar,93.50799999999998
Deenbandhu Chhotu Ram University of Science and Technology - [DCRUST],93.50783333333332
KLS Gogte Institute of Technology - [KLS GIT],93.50424999999998
Madan Mohan Malaviya University of Technology - [MMMUT],93.476
Jaypee University of Information Technology - [JUIT],93.43349999999998
ITS Engineering College,93.42599999999999
R.N.G. Patel Institute of Technology - [RNGPIT],93.388
East Point Group of Institutions - [EPGI],93.377
Dr. Sudhir Chandra Sur Institute of Technology & Sports Complex - [SURTECH],93.374
Vivekanand Education Society Institute of Technology - [VESIT],93.36574999999999
Madanapalle Institute of Technology & Science -[MITS],93.31814285714286
MKSSS's Cummins College of Engineering for Women,93.28233333333333
IIT Indore - Indian Institute of Technology - [IITI],93.27399999999999
"JECRC University, School of Engineering",93.273
Netaji Subhas Institute of Technology - [NSIT],93.24199999999999
Global Institute of Technology and Management - [GITM],93.23
JSS Science and Technology University -[JSSSTU],93.22475
Tula's Institute,93.15533333333333
Bharati Vidyapeeth's College of Engineering - [BVCOE],93.09112499999999
Poornima Institute of Engineering  and Technology - [PIET],93.05833333333332
Sardar Patel Institute of Technology - [SPIT],93.0515
NRI Institute of Technology - [NRIIT],93.03649999999999
Shri Ramswaroop Memorial College of Engineering and Management -  [SRMCM],93.02224999999999
ACE Engineering College - [ACEEC],92.9995
IIT Goa - Indian Institute of Technology - [IITG],92.98349999999999
Kamla Nehru Institute of Technology - [KNIT],92.96749999999999
Maharana Pratap Engineering College - [MPEC],92.96749999999999
BS Anangpuria Institute of Technology and Management,92.947
Guru Nanak Dev University Regional Campus - [GNDU],92.943
Institute of Road and Transport Technology - [IRTTECH],92.924
Aryan Institute of Engineering and Technology - [AIET],92.9065
Cambridge Institute of Technology - [CiTech],92.89036719740416
VSB Engineering College - [VSBEC],92.87349999999999
Guru Nanak Institute of Technology - [GNIT],92.86355
Future Institute of Engineering and Management - [FIEM],92.85983333333333
Kalinga University,92.84549999999999
"Vignan's Foundation for Science, Technology, and Research",92.845
Pillai College of Engineering - [PCE] Navi Mumbai,92.83814285714286
Greater Kolkata College of Engineering & Management - [GKCEM],92.83249999999998
GSFC University,92.83124999999998
Vignan Institute of Technology And Management,92.831
Geetanjali Institute of Technical Studies - [GITS],92.81816666666666
Indian Institute of Information Technology - [IIIT-K],92.80499999999999
UPL University of Sustainable Technology,92.803
"Bharathidasan Institute of Technology, Anna University - [AUBIT]",92.7875
Sona College of Technology,92.78450000000001
MIT World Peace University - [MIT-WPU],92.72475
PACE Institute of Technology and Sciences,92.70599999999999
Shri Vaishnav Vidyapeeth Vishwavidyalaya - [SVVV],92.70216666666666
Sardar Vallabhbhai Patel Institute of Technology - [SVIT] Vasad,92.6781
Roorkee Institute of Technology - [RIT],92.64644999999999
RV College of Architecture - [RVCA],92.61574999999999
Dr. N.G.P. Arts and Science College - [DrNGPASC],92.603
Malla Reddy Engineering College - [MREC],92.59583333333335
GH Raisoni College of Engineering - [GHRCE],92.580625
KNS Institute of Technology - [KNSIT],92.57383333333333
RVS College of Engineering and Technology - [RVSCET],92.55421428571428
Aliah University,92.54999999999998
Manipal Academy of Higher Education - [MAHE],92.53842197404164
Gandhi Institute of Technology and Management - [GITAM],92.53725
Vidya Academy of Science and Technology - [VAST],92.52674999999999
College of Engineering and Management - [CEM] Punnapara,92.514875
Vignan's Lara Institute of Technology & Science - [VLITS],92.51249999999999
QIS Institute of Technology - [QISIT],92.49849999999999
Mahendra Institute of Technology - [MIT],92.49000000000001
Chitkara Institute of Engineering and Technology - [CIET],92.482
Academy of Maritime Education and Training University - [AMET],92.47524999999999
BK Birla Institute of Engineering and Technology [BKBIET],92.47349999999999
Rajeev Gandhi Memorial College of Engineering and Technology Nandyal - [RGMCET],92.47199999999998
GLA University,92.46969532900694
Muzaffarpur Institute of Technology - [MIT],92.43775
Vivekananda Institute of Technology,92.43499999999999
ITM SLS Baroda University,92.423
Indian Institute of Information Technology - [IIITD],92.41975
Sinhgad Institute of Technology - [SIT] Lonavala,92.40933333333332
XIM University,92.40199999999999
BMS College of Engineering - [BMSCE],92.38
Fatima Michael College of Engineering and Technology,92.376
Saranathan College of Engineering - [SCE],92.36899999999999
"Institute of Management Studies, Banaras Hindu University",92.35900000000001
BITS Pilani (Pilani Campus),92.35075
Adichunchanagiri University - [ACU],92.34749999999998
IIT Bombay - Indian Institute of Technology - [IITB],92.30692857142856
SSBT's College of Engineering and Technology,92.29175
Manav Rachna International Institute of Research and Studies - [MRIIRS],92.28799999999998
Gauhati University - [GU],92.28499999999998
Meerut Institute of Engineering and Technology - [MIET],92.28316666666666
Vivekananda Institute of Technology - [VIT],92.252
SDM College of Engineering and Technology - [SDMCET],92.24
Vellore Institute of Technology - [VIT],92.23940909090908
Terna Engineering College Navi Mumbai,92.238
Malla Reddy College of Engineering - [MRCE],92.23474999999999
Mother Teresa Institute of Science and Technology,92.2255
Army Institute of Technology - [AIT],92.22153846153846
Govind Ballabh Pant University of Agriculture and Technology,92.2165
Vishwakarma Institute of Technology,92.19992857142857
Dr. B.C. Roy Engineering College  - [BCREC],92.184
GIET University - [GIET],92.173875
PVKK Institute of Technology - [PVKKIT],92.15424999999999
IIT Mandi- Indian Institute of Technology - [IITM],92.152
R V College of Engineering - [RVCE],92.1442
Birla Institute of Technology and Science - [BITS],92.13493749999999
Babu Banarasi Das Engineering College - [BBDEC],92.12703126800757
Aditya College Of Engineering and Technology - [ACET],92.12575
AISSMS Institute of Information Technology,92.12525
HKBK Group of Institutions,92.11183333333332
Malla Reddy Institute of Engineering and Technology- [MRIET],92.1115
LDRP Institute of Technology and Research - [LDRPITR],92.10499999999999
Manipal University - [MUJ],92.07608333333333
Kuppam Engineering College - [KEC],92.07
Vikrant University,92.0685
Galgotias College of Engineering and Technology - [GCET],92.05274999999999
Bhagat Phool Singh Mahila Vishwavidyalaya - [BPSMV],92.04299999999999
Veer Surendra Sai University of Technology - [VSSUT],91.92712499999999
Sai Vidya Institute of Technology - [SVIT],91.926
Symbiosis University of Applied Sciences- [SUAS],91.92399999999999
Saveetha Institute of Medical And Technical Sciences - [SIMATS],91.89599999999999
IIT Madras - Indian Institute of Technology - [IITM],91.86491666666666
Datta Meghe College of Engineering Airoli,91.85749999999999
Malla Reddy Institute of Technology and Science - [MRITS],91.82999999999998
Giani Zail Singh Campus College of Engineering and Technology - [GZSCCET],91.826
KMEA Engineering College - [KMEA EC],91.82074999999999
Annamacharya Institute of Technology and Science - [AITS],91.76374999999999
JIS College of Engineering - [JISCE],91.70092857142856
Indraprastha Institute of Information Technology - [IIITD],91.65799999999999
Visvodaya Engineering College,91.64349999999999
Sam Higginbottom University of Agriculture Technology and Sciences - [SHUATS],91.63133333333333
Delhi Technological University - [DTU],91.61971874999999
University of Engineering and Management - [UEM],91.61892307692307
Dayalbagh Educational Institute - [DEI],91.608
Indian Institute of Information Technology Vadodara - [IIIT-V],91.56544444444444
IIT Delhi - Indian Institute of Technology [IITD],91.56097368421052
"University Institute of Technology, University Of Burdwan - [UIT]",91.55649999999999
East West College of Engineering - [EWCE],91.51299999999999
MIC College of Technology,91.50649999999999
National Institute of Science and Technology - [NIST],91.49566666666665
PES College of Engineering - [PESCE],91.48275
Aditya Silver Oak Institute of Technology - [ASOIT],91.477
Malla Reddy Institute of Technology - [MRIT],91.459
Roever Engineering College-[REC],91.4555
Late GN Sapkal College of Engineering,91.451
"Sagar Institute of Science and Technology - [SISTec] -
 Sagar Group of Institutions",91.4195
MES College of Engineering - [MESCE] Kuttippuram,91.40025
Sri Sairam Engineering College,91.39249999999998
Smt. Indira Gandhi College of Engineering - [SIGCE],91.3835
Mar Baselios College of Engineering and Technology - [MBCET] Nalanchira,91.38225
Presidency University,91.350375
Vivekanandha College of Engineering for Women - [VCEW],91.33972857142857
Sarvajanik College of Engineering and Technology - [SCET],91.331
National Fire Service College - [NFSC],91.31424999999999
Amrita Vishwa Vidyapeetham,91.2766875
Institute of Aeronautical Engineering - [IARE],91.2755
VIT Bhopal University,91.2614
JIS University,91.237
Shreeyash College of Engineering and Technology - [SYCET],91.23299999999999
Garden City University - [GCU],91.22649999999999
Vel Tech Rangarajan Dr. Sagunthala R and D Institute of Science and Technology - [Vel Tech],91.18191666666667
Shantilal Shah Engineering College - [SSEC],91.16499999999999
G H Raisoni Institute of Engineering & Technology - [GHRIET],91.162
Rabindranath Tagore University - [RNTU],91.1615
KIET Group of Institutions - [KIET],91.13527272727272
Mahatma Gandhi Institute of Technology - [MGIT],91.12074999999999
Anna University - [AU],91.10900000000001
Ramrao Adik Institute of Technology - [RAIT],91.08433333333333
Aditya College of Agricultural Engineering and Technology,91.08049999999999
Maharaja Surajmal Institute of Technology - [MSIT],91.06016666666666
Vignana Bharathi Institute of Technology - [VBIT],91.03966666666666
"University School of Information, Communication  and Technology - [USICT]",90.9975
Rajiv Gandhi Institute of Technology - [RGIT],90.98999999999998
National Institute of Technology - [NITK],90.98939999999999
IIT Guwahati - Indian Institute of Technology - [IITG],90.9705
Parala Maharaja Engineering College - [PMEC],90.969
Maulana Azad National Institute of Technology  - [MANIT],90.956
"PDM University, Bahadurgarh",90.95599999999999
College of Dairy and Food Science Technology - [CDFST],90.93949999999998
Medi-Caps University,90.93646341463413
Anand College of Engineering and Management - [ACEM],90.929
NIT Silchar,90.88573076923078
Toc H Institute of Science and Technology - [TIST],90.88499999999999
Dhanalakshmi College of Engineering - [DCE],90.883
BV Raju Institute of Technology - [BVRIT],90.80983333333332
PES University Electronic City Campus,90.804
Manakula Vinayagar Institute of Technology - [MVIT],90.7875
Sri Venkateswara University - [SVU],90.7835
Anil Neerukonda Institute of Technology & Sciences - [ANITS],90.74283333333334
Bharat Institute of Engineering and Technology - [BIET] Ibrahimpatnam,90.7245
Vardhaman College of Engineering - [VCE],90.70499999999998
Mohamed Sathak AJ College of Engineering - [MSAJCE],90.692
Modern Education Society's College of Engineering - [MESCOE],90.6695
Raj Kumar Goel Institute of Technology - [RKGIT],90.6451
Shivajirao S. Jondhle College of Engineering and Technology,90.63949999999998
Marathwada Mitra Mandal's College of Engineering - [MMCOE] Karvenagar,90.60099999999998
College of Agricultural Engineering and Technology,90.59700000000001
Fr. Conceicao Rodrigues College of Engineering - [CRCE],90.59100000000001
Jawaharlal Nehru Technological University - [JNTUH],90.58850000000001
Babu Banarasi Das Institute of Technology & Management - [BBDITM],90.58499999999998
G L Bajaj Institute of Technology and Management,90.57171874999999
Guru Jambheshwar University of Science and Technology - [GJUS&T],90.57069999999999
V.R.S College of Engineering and Technology -[VRSCET],90.51199999999999
Jaypee Institute of Information Technology University - [JIIT],90.48419999999999
TKR College of Engineering and Technology - [TKRCET],90.48133333333332
Vishnu Institute of Technology - [VIT],90.47
Bangalore Institute of Technology - [BIT],90.46075
Viswajyothi College of Engineering and Technology - [VJCET],90.445
Dhirubhai Ambani Institute of Information and Communication Technology - [DA-IICT],90.435
BML Munjal University - [BMU],90.42024999999998
IIT Kharagpur - Indian Institute of Technology - [IITKGP],90.41341666666665
Government Engineering College - [GECT],90.3583125
MEA Engineering College- [MEAEC],90.3415
Alliance University,90.2921875
Indian Institute of Information Technology Design & Manufacturing - [IIITDM],90.274
HMR Institute of Technology & Management - [HMRITM],90.26899999999999
"Andhra University, College of Engineering - [AUCE]",90.25099999999999
United College of Engineering & Research - [UCER],90.24302456772023
National Institute of Technology - [NIT] Meghalaya,90.17949999999999
Muthoot Institute of Technology & Science - [MITS],90.13725
"University College of Engineering, Mahatma Gandhi University - [UCE]",90.12525
Ballari Institute of Technology and Management - [BITM],90.125
College of Engineering Muttathara,90.1185
Prathyusha Engineering College - [PEC],90.113875
Amity Institute of Biotechnology - [AIB],90.10649999999998
Noida Institute of Engineering and Technology - [NIET],90.1018
Francis Xavier Engineering College,90.09374999999999
Allenhouse Institute of Technology,90.08574999999999
Netaji Subhas University of Technology - [NSUT],90.07114285714285
CIPET- Institute Of Plastics Technology - [IPT],90.06349999999999
AP Goyal Shimla University,90.0625
Kanpur Institute of Technology - [KIT],90.03299999999999
Gokaraju Rangaraju Institute of Engineering and Technology -  [GRIET],90.02824999999999
Parul University,89.913
Neotia Institute of Technology Management and Science - [NITMAS],89.9125
Karaikudi Institute of Technology and Management - [KIT & KIM],89.89249999999998
Rashtriya Raksha University - [RRU],89.86699999999999
Bengal College of Engineering and Technology - [BCET],89.83966666666667
Arunai Engineering College - [AEC],89.8245
Institute of Engineering & Technology - GLA University,89.81999999999998
"GIET Engineering College, Rajahmundhry",89.81849999999999
Maturi Venkata Subba Rao Engineering College - [MVSREC],89.80749999999999
Annamacharya Institute of Technology and Sciences - [AITS],89.80350000000001
Institute of Technical Education and Research - [ITER],89.79080769230768
Thakur College of Engineering and Technology - [TCET],89.78599999999999
International Maritime Institute - [IMI],89.77099999999999
G H Raisoni College of Engineering and Management - [GHRCEM],89.73849999999999
Vidyalankar Institute of Technology - [VIT],89.73299999999999
K L University - [KLU],89.7205
Dayananda Sagar Academy of Technology and Management - [DSATM],89.71209999999999
CMR Engineering College - [CMREC],89.69449999999999
Chartered Institute of Technology- [CIT],89.68299999999999
Moradabad Institute of Technology - [MIT],89.64599999999999
Sreepathy Institute of Management and Technology - [SIMAT] Vavannor,89.645
NBKR Institute of Science and Technology Vidyanagar - [NBKRIST],89.62699999999998
Guru Nanak Institutions Technical Campus - [GNITC],89.62675
Dayananda Sagar College of Engineering - [DSCE],89.625
Sri Indu College of Engineering and Technology - [SICET] Ibrahimpatnam,89.61116666666668
Tripura Institute of Technology,89.604
Central Institute of Technology - [CIT],89.59255732468056
College of Engineering Perumon,89.58349999999999
Finolex Academy of Management and Technology - [FAMT],89.5745
I.K. Gujral Punjab Technical University - [IKG-PTU],89.5675
Khaja Bandanawaz University - [KBNU],89.544
NMAM Institute of Technology - [NMAMIT],89.540875
TKM College of Engineering - [TKMCE],89.52649999999998
Thadomal Shahani Engineering College - [TSEC],89.51825
Sree Chaitanya College of Engineering - [SCCE],89.45249999999999
Government College of Engineering - [GCOE],89.43499999999999
Sir M Visvesvaraya Institute of Technology - [Sir MVIT],89.42674999999998
SRM Valliammai Engineering college -[VEC],89.4255
SNS College of Technology - [SNSCT],89.41224999999999
Mahaveer Institute of Science and Technology- [MIST],89.40974999999999
NIE Institute of Technology - [NIEIT],89.4045
Lovely Professional University - [LPU],89.39502985074627
Thapar Institute of Engineering and Technology - [Thapar University],89.37670689655171
"Alagappa College of Technology, Anna University - [ACT]",89.35499999999999
UV Patel College of Engineering - [UVPCE],89.33
GIDC Degree Engineering College,89.28499999999998
The National Institute of Engineering - [NIE],89.2780909090909
MVJ College of Engineering - [MVJCE],89.27499999999999
Dr BR Ambedkar National Institute of Technology - [NIT],89.26123214285714
Zakir Hussain College of Engineering and Technology - [ZHCET],89.26033333333334
National Institute of Technology - [NITC],89.23289999999999
Nitte Meenakshi Institute of Technology - [NMIT],89.2267
Pragati Engineering College,89.20516666666667
Acropolis Institute of Technology & Research - [AITR],89.196175
Mahendra Engineering College,89.19549999999998
Gurugram University,89.19228131602777
Shershah College of Engineering - [SCE],89.17099999999999
Sikkim Manipal Institute of Technology - [SMIT],89.148
College of Engineering - [CEC] Chengannur,89.11716666666666
Academy of Technology -  [AOT],89.10575
"Bharath Institute of Higher Education and Research, College of Management",89.08949999999999
Vidya Jyothi Institute of Technology - [VJIT],89.08919999999999
DKTE Society's Textile and Engineering Institute - [DKTE],89.08462499999999
IILM University,89.068
Sharda University - [SU],89.0673
KSR College of Engineering,89.02349999999998
Govind Ballabh Pant Engineering College - [GBPEC],89.0205
IIMT College of Engineering,89.017875
Deogiri Institute of Engineering and Management Studies - [DIEMS],89.0055
Sri Venkateswara College of Engineering - [SVCE],89.00025
Sinhgad College of Engineering - [SCOE] Vadgaon Ambegaon,88.9943
Bundelkhand Institute of Engineering & Technology - [BIET],88.97999999999998
Atal Bihari Vajpayee Indian Institute of Information Technology and Management - [ABVIIITM],88.97975
Babu Banarasi Das Institute of Technology - [BBDIT],88.97299999999998
"University Institute of Engineering, Chandigarh University - [UIE]",88.96199999999999
Marine Engineering And Research Institute - [MERI],88.94149999999999
Techno India University,88.94102884615383
Government Engineering College - [ECB],88.93533333333333
KCG College Of technology,88.8785
National Institute of Technology - [NITP],88.871
Trinity College of Engineering and Research,88.8425
JNTUH College of Engineering Jagtial - [JNTUHCEJ],88.8373
Indian Institute of Information Technology - [IIITL],88.83725
Chandigarh Group of Colleges - [CGC] Jhanjeri,88.8335
Trident Academy of Technology,88.828
Galgotias University - [GU],88.7845
Indian Institute of Information Technology Sri City - [IIIT],88.76100000000001
Krishna University - [KU],88.72800000000001
Institute of Engineering and Management - [IEM],88.71395454545454
College of Engineering,88.696
St. Thomas College of Engineering and Technology- [STC],88.6455
Indian Institute of Space Science and Technology - [IIST],88.6405
"Rajiv Gandhi University of Knowledge Technologies, Dr.APJ Abdul Kalam IIIT Ongole Campus - [RGUKT]",88.63049999999998
Vellore Institute of Technology - [VIT University],88.62244999999999
Hemwati Nandan Bahuguna Garhwal University,88.592
National Institute of Technology - [NIT],88.59148113207547
Amal Jyothi College of Engineering  - [AJCE],88.5675
"University College of Engineering and Technology, Vinoba Bhave University - [UCET]",88.55000000000001
Institute of Technology & Management - [ITM],88.536
Gayatri Vidya Parishad College of Engineering,88.53575
North Eastern Regional Institute of Science and Technology - [NERIST],88.5115
ITM University,88.48925
Rajasthan Technical University - [RTU],88.4627
THDC Institute of Hydro Power Engineering and Technology,88.45849999999999
Kalinga Institute of Industrial Technology - [KIIT],88.41710294117647
Mody University,88.40317197404165
Jai Narain College of Technology - [JNCT],88.393
Shri Ram Group of Colleges - [SRGC],88.39249999999998
Shri Govindram Seksaria Institute of Technology and Science- [SGSITS],88.3918652467552
"Raja College of Engineering and Technology, Veerapanjan",88.341
Silicon Institute of Technology - [SIT],88.2903
Parisutham Institute of Technology and  Science - [PITS],88.2875
SRM Institute of Science and Technology - [SRMIST],88.28565384615383
Malla Reddy College of Engineering and Technology- [MRCET],88.27574999999999
Sree Vidyanikethan Engineering College - [SVEC],88.27449999999999
IIT Dharwad - Indian Institute of Technology - [IITD],88.2705
IIT BHU - Indian Institute of Technology,88.20797499999999
Rajalakshmi Institute of Technology - [RIT],88.20649999999999
Delhi Institute of Tool Engineering - [DITE],88.2055
ITM Group of Institutions,88.19749999999999
Agra College,88.19649999999999
Marathwada Mitramandal's College of Commerce - [MMCC],88.183875
AISSMS College of Engineering - [AISSMSCOE],88.16149999999999
SR Group of Institutions - [SRGI],88.10549999999999
Netaji Subhash Engineering College - [NSEC],88.10052348702081
Mahatma Jyotiba Phule Rohilkhand University - [MJPRU],88.05449999999999
Annai College of Engineering and Technology - [ACET],87.947
Shoolini University,87.93799999999999
Adithya Institute of Technology - [AIT],87.91999999999999
Viva Institute of Technology - [VIOT],87.90574999999998
Andhra University - [AU],87.79874999999998
Progressive Education Society's Modern College of Engineering - [MCOE],87.74409999999999
Gandhiji Institute of Science and Technology - [GIST],87.744
"Faculty of Engineering and Technology, Jain University - [FET JU]",87.73769999999999
Rajalakshmi Engineering College - [REC],87.73166666666667
AKS University - [AKSU],87.724
Karunya Institute of Technology and Sciences - [Karunya Deemed University],87.719625
IIT Hyderabad - Indian Institute of Technology - [IITH],87.69783333333332
Sreenidhi Institute of Science and Technology - [SNIST],87.69654545454544
IIMT Group of Colleges,87.6865
Parul Institute of Technology - [PIT],87.684
Zeal Education Society's Zeal College of Engineering and Research - [ZCOER],87.62333333333333
Indian Institute of Information Technology - [IIIT],87.61646666666665
Rajarambapu Institute of Technology - [RIT],87.600375
Mahakal Institute of Technology - [MIT],87.59349999999999
Narula Institute of Technology - [NIT Agarpara],87.5835909090909
Technocrats Institute of Technology - [TIT] (Excellence),87.562
Government Engineering College - [GEC],87.55087499999999
ITM Vocational University - [ITMVU],87.55
SASTRA University,87.54880769230769
Shanti Institute of Technology - [SIT],87.47149999999999
Rajagiri School of Engineering & Technology - [RSET],87.43024999999999
Ramaiah Institute of Technology - [RIT],87.4213
Kalyani Government Engineering College - [KGEC],87.3945
C. V. Raman Global University,87.3775
Smt Kashibai Navale College of Engineering - [SKNCOE] Vadgaon,87.3564
PSN Institute of Technology and Science - [PSNITS],87.355
Gautam Buddha University - [GBU],87.35275000000001
SRMIST Delhi NCR Campus,87.33999999999999
KLE Technological University,87.33041666666666
Vishwakarma University - [VU],87.30975
Raghu Engineering College - [REC],87.30383333333333
Birla Vishvakarma Mahavidyalaya Engineering College - [BVM],87.28733333333332
Khwaja Moinuddin Chishti Urdu Arabi-Farsi University,87.255
Yeshwantrao Chavan College of Engineering - [YCCE],87.25233333333334
University of Kalyani,87.227
Eranad Knowledge City Technical Campus Manjeri,87.22099999999999
Graphic Era Hill University - [GEHU],87.1475
Musaliar College of Engineering and Technology,87.145
Padmabhooshan Vasantdada Patil Institute of Technology - [PVPIT],87.1355
SRM University,87.1265
NIT Warangal,87.08457142857142
Rungta College of Engineering and Technology - [RCET],87.07
Global Institute of Engineering and Technology - [GIT],87.047
Sri Vasavi Engineering College - [SVEC],87.03649999999999
Central University of Haryana - [CUH],87.03450000000001
Vimal Jyothi Engineering College - [VJEC],87.03324999999998
RNS Institute of Technology - [RNSIT],87.01835714285714
Matoshri College of Engineering and Research Centre - [MCOERC] Eklahare,86.981
Bhagwan Parshuram Institute of Technology - [BPIT],86.96216666666665
JSS Academy of Technical Education - [JSSATE],86.95442857142856
Vishwakarma Institute of Information Technology - [VIIT],86.94725
Marathwada Institute of Technology - [MIT],86.88550000000001
Graphic Era University - [GEU],86.8834
University college of Engineering,86.85999999999999
Cochin University of Science and Technology - [CUSAT],86.82749999999999
Shree Swaminarayan Institute of Technology- [SSIT],86.7925
Camellia Institute of Technology - [CIT],86.77850000000001
Jabalpur Engineering College - [JEC],86.72004166666666
MIT-WPU Faculty of Engineering,86.71324999999999
Shekhawati Group of Institutions,86.64949999999999
Coochbehar Government Engineering College,86.6325
The Northcap University - [NCU],86.52633333333331
"Bundelkhand University, Institute of Engineering and Technology",86.48425
Siddharth Institute of Engineering & Technology - [SIETK],86.48349999999999
Meghnad Saha Institute of Technology - [MSIT],86.4615
K. C. College of Engineering And Management Studies And Research,86.42649999999999
St Joseph College of Engineering,86.42299999999999
Quantum University,86.4045
Laxminarayan Institute of Technology - [LIT],86.39975
University of Lucknow - [LU],86.39466666666665
Dr. Ram Manohar Lohia Avadh University - [RMLAU],86.36899999999999
"College of Technology and Engineering, Maharana Pratap University of Agriculture and Technology - [CTAE]",86.3115
Shadan College of Engineering & Technology - [SCET],86.23749999999998
DIT University - [DIT],86.23549999999999
Techno International New Town - [TINT],86.20374999999999
Shri Ram Institute of Technology - [SRIT],86.19874999999999
Anurag University,86.1789
Hindu College of Engineering - [HCE],86.17624999999998
St. Maryâ€™s Group of Institutions,86.15899999999999
Veermata Jijabai Technological Institute - [VJTI],86.14957142857143
AAA College of Engineering & Technology,86.12299999999999
Priyadarshini College of Engineering - [PCE],86.109
Lakshmi Narain College of Technology - [LNCT],86.09052292987221
ABES Institute of Technology - [ABESIT],86.0865
Co-operative Institute of Technology - [CITV],85.98599999999999
Chandigarh University - [CU],85.91390384615383
University Visvesvaraya College of Engineering - [UVCE],85.84424999999999
Thiagarajar College of Engineering - [TCE],85.83574999999999
IIT Bhilai - Indian Institute of Technology - [IITB],85.775
Rajiv Gandhi Institute of Petroleum Technology - [RGIPT],85.755
Rathinam Technical Campus - [RTC],85.73499999999999
Bharati Vidyapeeth College of Engineering - [BVCOE] Navi Mumbai,85.648
Siksha 'O' Anusandhan University - [SOA],85.62025
Chandigarh Group of Colleges - [CGC] Landran,85.61385714285713
GMR Institute of Technology - [GMRIT],85.51933333333334
P.B. College of Engineering - [PBCE],85.48149999999998
SR University - [SRU],85.477125
University of Petroleum and Energy Studies - [UPES],85.4443125
Harcourt Butler Technological University - [HBTU],85.4315
NRI Institute of Information Science and Technology - [NIIST],85.40949999999998
Madhav Institute of Technology and Science - [MITS],85.38157142857142
"Faculty of Technology and Engineering, Maharaja Sayajirao University of Baroda",85.3285
GS Mandal's Marathwada Institute of Technology - [MIT],85.22800000000001
Government College of Engineering and Research,85.1775
University Institute of Engineering and Technology - [UIET],85.16733333333333
Dr. Babasaheb Ambedkar Technological University - [DBATU],85.166125
Gaya College of Engineering,85.067
Adani Institute of Infrastructure Engineering - [AIIE],85.02381818181817
Mumbai University - [MU],85.0165
Amity University,84.97859599629166
Annasaheb Dange College of Engineering & Technology - [ADCET],84.875
Birla Institute of Technology - [BIT Mesra],84.87379166666666
Amity School of Engineering & Technology - [ASET],84.86899999999999
BP Mandal College of Engineering,84.85175
Dr. A.P.J. Abdul Kalam Technical University - [AKTU],84.843
Parvatibai Genba Moze College of Engineering - [PGMCOE],84.84049999999999
Pacific School of  Engineering - [PSE],84.803
Guru Tegh Bahadur Institute of Technology - [GTBIT],84.71588171057738
Maharaja Agrasen Institute of Technology - [MAIT],84.71258823529412
"University Institute of Technology, Rajiv Gandhi Proudyogiki Vishwavidyalaya - [UIT- RGPV]",84.61124999999998
Warner College of Dairy Technology - [WCDT],84.46849999999999
Sanketika Vidya Parishad Engineering College,84.4265
Devang Patel Institute of Advance Technology and Research - [DEPSTAR],84.41049999999998
MIT Academy of Engineering - [MITAOE],84.36937499999999
Aditya Institute of Technology and Management -[AITAM],84.3495
Drs. Kiran and Pallavi Patel Global University,84.347
Budge Budge Institute of Technology - [BBIT],84.30033333333334
Indian Institute of Information Technology - [IIITG],84.27116666666666
Manipal Institute of Technology - [MIT],84.22355
Pune Vidhyarthi Griha's College of Engineering and Technology - [PVGCOET],84.19933333333333
Lokmanya Tilak College of Engineering - [LTCE],84.1405
Walchand College of Engineering - [WCE],84.0155
RC Patel Institute of Technology - [RCPIT],83.9035
Sreyas Institute of Engineering and Technology - [SIET],83.8765
Inderprastha Engineering College - [IPEC],83.85512499999999
PA College of Engineering - [PACE],83.85475
St Peter's College of Engineering and Technology - [SPCET],83.8285
Alva's Institute of Engineering and Technology,83.81774999999999
Punjab Engineering College University of Technology - [PEC],83.765625
NIT Trichy,83.68424999999999
Christ College of Engineering - [CCEIJK] Irinjalakuda,83.56275
Thangal Kunju Musaliar Institute of Technology - [TKM],83.541
SVS Group of Institutions,83.52725
Dibrugarh University,83.5105
Rewa Engineering College - [REC],83.45949999999999
L.B.S. College of Engineering - [LBSCEK],83.428
Sathyabama Institute of Science and Technology,83.4026111111111
Sree Chaitanya Institute of  Technological Sciences,83.3915
IPS Academy,83.39049999999999
Sri Shakthi Institute of Engineering and Technology - [SIET],83.28499999999998
Jadavpur University - [JU],83.27188888888888
Ramgarh Engineering College - [REC],83.2285
RMD Sinhgad School of Management Studies - [RMDSSOMS] Warje,83.19749999999999
College of Engineering and Technology - [CET],83.1231
Heritage Institute of Technology - [HIT],83.11836363636363
New Horizon College of Engineering - [NHCE],83.11779999999999
Government College of Engineering  - [GCE],83.05383333333333
Pranveer Singh Institute of Technology - [PSIT],83.03528125
GITAM,83.00899999999999
Bharati Vidyapeeth Deemed University - [BVDU],82.995125
Rajarshi Shahu College of Engineering - [RSCOE] Tathawade,82.95724999999999
Bharati Vidyapeeth University College of Engineering - [BVUCOE],82.95683333333334
Malnad College of Engineering - [MCE],82.94
SVKM's Institute of Technology - [SVKM's-IOT],82.91049999999998
Scholar's Institute of Technology and Management - [SITM],82.90449999999998
A. D. Patel Institute of Technology - [ADIT],82.77674999999999
Walchand Institute of Technology - [WIT],82.7615
Srinivasa Ramanujan Institute of Technology - [SRIT],82.7515
Jalpaiguri Government Engineering College - [JGEC],82.66987499999999
Anantha Lakshmi Institute of Technology and Sciences - [ALITS],82.4855
Raja Balwant Singh Engineering Technical Campus - [FETRBS],82.45849999999999
Pimpri Chinchwad College of Engineering - [PCCOE],82.45828571428571
Institute of Engineering and Technology - [IET],82.45576342115476
Ajay Kumar Garg Engineering College - [AKGEC],82.449125
Shri Ramdeobaba College of Engineering and Management - [RCOEM],82.393125
Chameli Devi Group of Institution,82.369
Kalinga Institute of Dental Sciences - [KIDS],82.27799999999999
Indian Institute of Information Technology - [IIITM],82.2545
Assam Engineering College - [AEC],82.24433333333333
Jawaharlal Nehru Technological University - [JNTU],82.2235
KJ Somaiya Institute of Engineering and Information Technology - [KJSIEIT],82.2165
Oriental Institute of Science and Technology - [OIST],82.19707142857142
Techno Main Salt Lake,82.07219670282842
Shah and Anchor Kutchhi Engineering College - [SAKEC],82.05425
Government Engineering College,81.8955
Vignan's Institute of Information Technology - [VIIT],81.88825
GL Bajaj Group of Institutions - [GLBGI],81.87699999999998
VIT University - [VIT- AP],81.82099999999998
St.Joseph's Institute of Technology - [SJIT],81.807
Sardar Vallabhbhai National Institute of Technology - [SVNIT],81.792
"Chaibasa Engineering College, Techno India Group",81.7175
CMR College of Engineering & Technology - [CMRCET],81.69019999999999
Visvesvaraya National Institute of Technology - [VNIT],81.63375
Dr. Akhilesh Das Gupta Institute of Technology & Management - [ADGITM],81.5375
Karpagam Institute of Technology,81.49699999999999
International Institute of Information Technology - [IIIT],81.46421428571428
"Cochin University of Science and Technology, School of Engineering -[SOE] Thrikkakara",81.41975
Karpagam College of Engineering - [KCE],81.40683333333332
JK Lakshmipat University - [JKLU],81.33749999999999
Gateway Institute of Engineering and Technology - [GIET],81.33727777777777
National Institute of Food Technology Entrepreneurship and Management - [NIFTEM],81.31283333333333
Gurukula Kangri Vishwavidyalaya - [GKV],81.25049999999999
Vaagdevi Engineering College - [VEC],81.2415
Shree LR Tiwari College of Engineering - [SLRTCE],81.1285
University Institute of Engineering and Technology -[UIET],81.12575
Bharath University - Bharath Institute of Higher Education and Research - [BIHER],81.1033429752066
Universal College of Engineering,81.0975
Birla Institute of Technology - [BIT],81.06899999999999
Krishna Engineering College - [KEC],81.0336146493611
Academy for Technical and Management Excellence - [ATME],81.00749999999998
University of Calcutta,80.94766666666666
College of Engineering and Technology,80.90875
Indian Maritime University - [IMU],80.77583333333332
Vishwakarma Government Engineering College - [VGEC],80.76066666666667
Mar Athanasius College of Engineering - [MACE],80.7445
Indus University,80.67099999999999
Vasavi College of Engineering,80.6445
Bhilai Institute of Technology - [BIT],80.63749999999999
Sat Kabir Institute of Technology and Management - [SKITM],80.6065
Indira Gandhi Delhi Technical University For Women -[IGDTUW],80.60374999999999
Shri Guru Gobind Singhji Institute of Engineering and Technology - [SGGSIE&T],80.566
Dhanekula Institute of Engineering and Technology - [DIET],80.478
M H Saboo Siddik College of Engineering - [MHSSCOE],80.44542197404164
Vaagdevi College of Engineering  - [VCOE],80.16233333333332
Amrita School of Engineering - [ASE],80.065
Neil Gogte Institute of Technology - [NGIT],80.06375
A. C. Patil College of Engineering - [ACPCE],80.06299999999999
IIT Bhubaneswar - Indian Institute of Technology - [IITBBS],80.01216878961665
Malaviya National Institute of Technology - [MNIT],79.90755555555555
Indo Global College of Engineering,79.79149999999998
Dr. C.V. Raman University - [CVRU],79.732
Government College of Engineering - [GCEK],79.71199999999999
The LNM Institute of Information Technology - [LNMIIT],79.711
"Swami Keshvanand Institute of Technology, Management and Gramothan - [SKIT]",79.47057672255302
Indian Institute of Engineering Science and Technology - [IIEST] Shibpur,79.39577272727273
Rajadhani Institute of Engineering and Technology - [RIET] Attinga,79.175
Hindustan Institute of Technology and Science - [HITS],79.15616666666666
JECRC University - [JU],79.1489
"J.C. Bose University Of Science And Technology, YMCA",78.84942857142856
Kerala University of Fisheries and Ocean Studies - [KUFOS] Panangad,78.8455
Sagi Ramakrishnam Raju Engineering College - [SRKR ],78.74183333333332
B. M. Institute of Engineering and Technology - [BMIET],78.6115
Lendi Institute of Engineering and Technology,78.50389596538886
Shree Ramchandra College of Engineering - [SRCOE],78.4795
Sri Jayachamarajendra College of Engineering - [SJCE],78.38983333333333
Oriental College of Technology - [OCT],78.344
Babasaheb Naik College of Engineering - [BNCOE],78.334
BMS Institute of Technology and Management - [BMSIT],78.31666666666666
Chitkara University - [CU],77.9286875
Siddhartha Institute of Technology and Sciences - [SITS],77.92325
Pune Institute of Computer Technology- [PICT],77.62711538461538
Kanad Institute of Engineering and Management - [KIEM],77.6035
MNNIT Allahabad - Motilal Nehru National Institute of Technology - [MNNIT],77.54225
Shri Sapthagiri Institute of Technology - [SSIT],77.463
L.D. College of Engineering - [LDCE],77.431625
Asansol Engineering College - [AEC],77.42225
Delhi Technical Campus - [DTC],77.39183333333334
Dr. M.G.R. Educational and Research Institute,77.25183333333332
Indian Institute of Information Technology Design and Manufacturing - [IIITDM],77.057125
RVS Padhmavathy College of Engineering and Technology,76.91649999999998
Poornima University - [PU],76.86699999999999
Government Engineering College - [GECSKP] Sreekrishnapuram ,76.86375
Arya College of Engineering,76.77425
JEPPIAAR SRR Engineering college,76.70599999999999
ISM Dhanbad - Indian Institute of Technology - [IITISM],76.5593
Nirma University - [NU],76.4029
Rajiv Gandhi Institute of Technology - [RIT],76.32733333333333
Krishna Chaitanya Institute of Technology and Sciences - [KITS],76.31299999999999
Sri Venkateswara College of Engineering & Technology - [SVCET],76.25999999999999
Centurion University of Technology and Management - [CUTM],76.2357
Mahatma Gandhi Chitrakoot Gramoday Vishwavidyalaya- [MGCGV],76.191
Maharaja Sayajirao University of Baroda - [MSU],76.1655
Sri Sairam College of Engineering,76.0675
PDA College of Engineering,75.958
Rajiv Gandhi Proudyogiki Vishwavidyalaya - [RGPV],75.6085
St Vincent Pallotti College of Engineering and Technology -[SVPCET],75.37199999999999
G H Patel College of Engineering & Technology - [GCET],75.29928131602776
Gyan Ganga College of Technology - [GGCT],75.29394798269443
Rajiv Gandhi University of Knowledge Technologies -[RGUKT],75.25
MBM Engineering College - [MBM],75.19783333333334
Govt Engineering College,75.1665
Sri Venkateswara College of Engineering and Technology - [SVCET],75.11649999999999
Government College,74.1613439480833
Institute of Infrastructure Technology Research and Management - [IITRAM],74.09549999999999
Nandha Engineering College - [NEC],74.05725000000001
Sri Siddhartha Institute of Technology - [SSIT],73.814
Jaypee University of Engineering and Technology - [JUET],73.4515
Guru Ghasidas Vishwavidyalaya - [GGU],73.4109
Sinhgad Institute of Technology and Science -[SITS] Narhe,73.156375
Kelappaji College of Agricultural Engineering & Technology - [KCAET] Tavanur,73.1525
Kunjali Marakkar School of Marine Engineering - [KMSME],72.78966666666666
Dr. S & S.S. Ghandhy Government Engineering College,72.75816666666667
Gujarat Technological University - [GTU],72.69549999999998
Babu Banarasi Das Northern India Institute of Technology - [BBDNIIT],72.66725
Parul Institute of Engineering and Technology - [PIET],72.63016666666665
IIT Ropar - Indian Institute of Technology - [IITR],72.37333333333332
Birsa Institute of Technology - [BIT] Sindri,71.527875
RMD Engineering College,71.458
Indian Institute of Information Technology - [IIITK],71.4145
Guru Gobind Singh Indraprastha University - [GGSIPU],71.252
"GB Pant Delhi Skill and Entrepreneurship University, Okhla-I Campus",71.1611146493611
RVR and JC College of Engineering,71.04499999999999
Ajeenkya DY  Patil University - [ADYPU],71.042
"Institute of Engineering and Technology, Devi Ahilya University - [IET -DAVV]",70.87650000000001
Haldia Institute of Technology - [HIT],70.48839999999998
Velammal College of Engineering and Technology - [VCET],70.35274999999999
Global Institute of Technology - [GIT],69.89975
Jaipur Engineering College and Research Centre,69.77169999999998
SRM Institute of Science and Technology Ramapuram Campus,69.3774
Lakshmi Narain College of Technology & Science - [LNCTS],69.205375
Samrat Ashok Technological  Institute - [S.A.T.I],69.175
Coimbatore Institute of Technology - [CIT],69.1515
"University College of Engineering, Anna University - [AUPKT]",69.0465
Marri Laxman Reddy Institute of Technology & Management - [MLRITM],68.8
Vidya Vikas Institute of Engineering and Technology - [VVIET],68.562
Dhanalakshmi Srinivasan College of Engineering and Technology - [DSCET],68.48049999999999
Jagannath Institute of Engineering and Technology - [JIET],68.434
PES University - [PESU],68.072
Matsyodari Shikshan Sanstha's College of Engineering and Technology,67.3
Sri Indu Institute of Engineering & Technology - [SIIET],67.18549999999999
Methodist College of Engineering & Technology - [MCET],67.0
"College of Technology,  GB Pant University of Agriculture & Technology",66.88633333333333
M.S. Ramaiah University of Applied Sciences - [MSRUAS],66.85325
Balaji Institute of Technology and Science - [BITS],66.314
Rajkiya Engineering College - [RECK],66.0205
Jamia Millia Islamia University-[JMI],65.8445
East West Institute of Technology - [EWIT],65.29316666666666
Bharati Vidyapeeth's College  of Engineering - [BVCOE] Lavale,65.2725
Sree Dattha Institute of Engineering and Science - [SDES],65.08049999999999
Govt. Model Engineering College - [MEC] Thrikkakara,64.807
Government College of Engineering - [GCE],64.63199999999999
Akshaya College of Engineering and Technology-[ACET],63.9465
Netaji Subhas University of Technology - [NSUT] East Campus,63.8535
Government College of Engineering & Textile Technology - [GCETT],63.47249999999999
Sambhram Institute of Technology - [SAIT],63.19033333333334
JB Institute of Technology - [JBIT],63.11725
Hindusthan College of Engineering and Technology - [HICET],63.1035
Adhiyamaan College of Engineering,62.6305
Indian Institute of Information Technology -[IIIT],61.4
Institute of Chemical Technology - [ICT],61.397999999999996
Kruti Institute of Technology and Engineering - [KITE],61.099999999999994
"RH Sapat College of Engineering, Management Studies and Research",61.0945
RKDF University,60.782
SSN College of Engineering - [SSNCE],60.413
P. V. Narsimha Rao Telangana Veterinary University Rajendra Nagar,60.349999999999994
Barkatullah University Institute of Technology - [BUIT],59.9965
"University College of Engineering, JNTUK",59.981249999999996
Institute of Engineering and Rural Technology - [IERT],59.8005
Anna University of Technology,59.75999999999999
IES College of Technology - [ICOT],58.580499999999994
KVG College of Engineering - [KVGCE],58.406000000000006
Mar Baselios Institute of Technology and Science - [MBITS],58.4
Symbiosis Institute of Technology - [SIT],58.351333333333336
Motihari College of Engineering - [MCE],57.983
SR International Institute of Technology - [SRIIT],56.0
Godavari Institute of Engineering and Technology - [GIET] Rajahmundry,55.985
Chitkara University,55.84625
Barak Valley Engineering College - [BVEC],55.3525
Anjuman-I-Islam's Kalsekar Technical Campus - [AIKTC],55.12
Marwadi University - [MU],54.428
Jain College of Engineering - [JCE],53.9
"University Institute of Engineering and Technology, Maharshi Dayanand University - [UIET]",52.897749999999995
BGS Institute of Technology - [BGSIT],52.7175
Atria Institute of Technology,52.42
"CVR College of Engineering, Ibrahimpatnam",51.332499999999996
DRIEMS Group of Institutions,50.24849999999999
Calicut University Institute of Engineering Technology - [CUIET],48.77383333333333
Invertis University,48.739999999999995
NS Raju Institute of Technology - [NSRIT],48.64
Kongu Engineering College - [KEC],48.3155
Government College of Engineering,48.038999999999994
Aligarh College of Engineering and Technology - [ACET],45.82849999999999
G. Pullaiah College of Engineering and Technology - [GPCET],44.5365
Government Engineering College -[GEC],44.0745
Dharmsinh Desai University - [DDU],43.647499999999994
Jawaharlal Nehru Architecture and Fine Arts University - [JNAFAU],43.5972
Xavier Institute of Engineering - [XIE],43.2295
Sal Engineering and Technical Institute - [SETI],42.9185
Siliguri Institute of Technology - [SIT],42.7475
"University BDT College of Engineering, Visvesvaraya Technological University - [UBDTCE]",41.248999999999995
"Rajiv Gandhi College of Engineering, Research and Technology - [RCERT]",40.925
Chaitanya Bharathi Institute of Technology - [CBIT],39.75475
Navrachana University - [NUV],38.232
Arya College of Engineering and IT - [ACEIT],36.8435
PES Institute of Technology and Management - [PESITM],35.87949999999999
Canara Engineering College - [CEC],35.7285
Barkatullah University - [BU],33.75
ICFAI Foundation for Higher Education - [IFHE],30.7705
Acharya Institute of Technology - [AIT],29.9895
DN Patel College of Engineering - [DNPCE],29.747999999999998
Rai University - [RU],29.654999999999998
DMI Engineering College,28.356499999999997
Government College of Technology - [GCT],27.884999999999998
Indira Institute of Engineering and Technology - [IIET],27.708
DMI College of Engineering - [DMICE],15.8715
State Institute Of Engineering & Technology,9.775
